<?xml version="1.0" encoding="UTF-8" ?>
<!DOCTYPE struts PUBLIC
	"-//Apache Software Foundation//DTD Struts Configuration 2.3//EN"
	"http://struts.apache.org/dtds/struts-2.3.dtd">

<struts>
    <constant name="struts.enable.DynamicMethodInvocation" value="false" />
    <constant name="struts.devMode" value="false" />
    
	<constant name="struts.i18n.encoding" value="UTF-8" />
	<package name="default" namespace="/" extends="json-default">
		
		<action name="guitar_*" method="{1}" class="Action.GuitarAction">
			<result name="success" type="json">
				<param name="noCache">true</param>
				<param name="contentType">text/html</param>
				<param name="root">map</param>
			</result>
		</action>
		<action name="GuitarAdd">
			<result>/WEB-INF/content/GuitarAdd.jsp</result>
		</action>		
		<action name="">
			<result>/WEB-INF/content/search.jsp</result>
		</action>
	</package>
</struts>

