<?xml version="1.0" encoding="UTF-8"?>
<beans xmlns:xsi="http://www.w3.org/2001/XMLSchema-instance"
	xmlns="http://www.springframework.org/schema/beans" 
	xmlns:p="http://www.springframework.org/schema/p"
	xmlns:context="http://www.springframework.org/schema/context"  
	xmlns:tx="http://www.springframework.org/schema/tx" 
	xmlns:aop="http://www.springframework.org/schema/aop"
	xsi:schemaLocation="http://www.springframework.org/schema/beans
	http://www.springframework.org/schema/beans/spring-beans-4.0.xsd
	http://www.springframework.org/schema/tx
	http://www.springframework.org/schema/tx/spring-tx-4.0.xsd
	http://www.springframework.org/schema/context 
	http://www.springframework.org/schema/context/spring-context-4.1.xsd
	http://www.springframework.org/schema/aop
	http://www.springframework.org/schema/aop/spring-aop-4.0.xsd">
	<!-- 加载sqlite的配置文件 -->
	<context:property-placeholder location="classpath:sqlite.properties"/>
	<!-- 配置连接池 -->
	<bean id="dataSource" class="com.mchange.v2.c3p0.ComboPooledDataSource">
		<property name="driverClass" value="org.sqlite.JDBC"/>
		<property name="jdbcUrl" value="jdbc:sqlite:sqlite/guitarData.db"/>  
        <!--
        <property name="connection.username"></property>  
        <property name="connection.password"></property>
        -->    
	</bean>
	<bean id="sessionFactory" class="org.springframework.orm.hibernate4.LocalSessionFactoryBean">
		<property name="dataSource" ref="dataSource"/>
		<property name="hibernateProperties" >
			<props>
				<prop key="hibernate.dialect">
					Dialect.SQLiteDialect
				</prop>
				<prop key="hibernate.hbm2ddl.auto">update</prop>
				<prop key="hibernate.show_sql">true</prop>
				<prop key="hibernate.format_sql">true</prop>
			</props>
		</property>
		<property name="annotatedClasses">	
			<list>
				<value>Entity.Guitar</value>			
			</list>
		</property>
	</bean>
	<!-- 配置service -->
	<bean id="guitarService" class="ServiceImpl.GuitarServiceImpl">
		<property name="guitarDao" ref="guitarDao"></property>
	</bean>
	<!-- 配置dao -->
	<bean id="guitarDao" class="DaoImpl.GuitarDaoImpl">
		<property name="sessionFactory" ref="sessionFactory"/>
	</bean>
	
</beans>